{
  "optimization_results": {
    "Miami": {
      "optimal_k": 1.2,
      "optimal_brier_score": 0.0510763592624019,
      "baseline_brier_score": Infinity,
      "brier_improvement": Infinity,
      "validation_samples": 183,
      "sigma_1_coverage": 0.7988980716253443,
      "sigma_coverage_diff": 0.11589807162534427,
      "k_scores_summary": {
        "1.1": 0.07368146364795998,
        "1.2": 0.0510763592624019
      }
    },
    "Austin": {
      "optimal_k": 0.8,
      "optimal_brier_score": 0.04040799961888028,
      "baseline_brier_score": Infinity,
      "brier_improvement": Infinity,
      "validation_samples": 178,
      "sigma_1_coverage": 0.6983240223463687,
      "sigma_coverage_diff": 0.015324022346368649,
      "k_scores_summary": {
        "0.6": 0.06928928328552308,
        "0.7": 0.0483454109119996,
        "0.8": 0.04040799961888028
      }
    },
    "Chicago": {
      "optimal_k": 2.0,
      "optimal_brier_score": 0.06744232965434856,
      "baseline_brier_score": Infinity,
      "brier_improvement": Infinity,
      "validation_samples": 181,
      "sigma_1_coverage": 0.7202216066481995,
      "sigma_coverage_diff": 0.0372216066481994,
      "k_scores_summary": {
        "1.9": 0.11028891673719393,
        "2.0": 0.06744232965434856
      }
    },
    "Denver": {
      "optimal_k": 1.0,
      "optimal_brier_score": 0.06417359826747625,
      "baseline_brier_score": 0.06417359826747625,
      "brier_improvement": 0.0,
      "validation_samples": 178,
      "sigma_1_coverage": 0.5279329608938548,
      "sigma_coverage_diff": -0.15506703910614528,
      "k_scores_summary": {
        "0.5": 0.09074706028853034,
        "0.9": 0.09299975824428622,
        "1.0": 0.06417359826747625,
        "1.1": 0.09331679299192082,
        "1.2": 0.06647499763188608
      }
    },
    "New York": {
      "optimal_k": 0.8,
      "optimal_brier_score": 0.037970848679768986,
      "baseline_brier_score": 0.058138927870272486,
      "brier_improvement": 0.0201680791905035,
      "validation_samples": 183,
      "sigma_1_coverage": 0.581267217630854,
      "sigma_coverage_diff": -0.10173278236914607,
      "k_scores_summary": {
        "0.7": 0.04603899606218619,
        "0.8": 0.037970848679768986,
        "0.9": 0.05531818384380568,
        "1.0": 0.058138927870272486
      }
    }
  },
  "robustness_results": {
    "-1.0F": {
      "Miami": {
        "original_k": 1.2,
        "shifted_k": 1.7,
        "k_change": 0.5,
        "k_change_pct": 0.4166666666666667,
        "is_stable": false
      },
      "Austin": {
        "original_k": 0.8,
        "shifted_k": 1.3,
        "k_change": 0.5,
        "k_change_pct": 0.625,
        "is_stable": false
      },
      "Chicago": {
        "original_k": 2.0,
        "shifted_k": 2.1,
        "k_change": 0.10000000000000009,
        "k_change_pct": 0.050000000000000044,
        "is_stable": true
      },
      "Denver": {
        "original_k": 1.0,
        "shifted_k": 0.9,
        "k_change": 0.09999999999999998,
        "k_change_pct": 0.09999999999999998,
        "is_stable": true
      },
      "New York": {
        "original_k": 0.8,
        "shifted_k": 1.3,
        "k_change": 0.5,
        "k_change_pct": 0.625,
        "is_stable": false
      }
    },
    "+1.0F": {
      "Miami": {
        "original_k": 1.2,
        "shifted_k": 0.7,
        "k_change": 0.5,
        "k_change_pct": 0.4166666666666667,
        "is_stable": false
      },
      "Austin": {
        "original_k": 0.8,
        "shifted_k": 0.7,
        "k_change": 0.10000000000000009,
        "k_change_pct": 0.1250000000000001,
        "is_stable": false
      },
      "Chicago": {
        "original_k": 2.0,
        "shifted_k": 1.5,
        "k_change": 0.5,
        "k_change_pct": 0.25,
        "is_stable": false
      },
      "Denver": {
        "original_k": 1.0,
        "shifted_k": 1.7,
        "k_change": 0.7,
        "k_change_pct": 0.7,
        "is_stable": false
      },
      "New York": {
        "original_k": 0.8,
        "shifted_k": 0.7,
        "k_change": 0.10000000000000009,
        "k_change_pct": 0.1250000000000001,
        "is_stable": false
      }
    }
  },
  "summary": {
    "total_cities": 5,
    "avg_brier_improvement": Infinity,
    "all_multipliers_stable": false
  },
  "recommended_multipliers": {
    "Miami": 1.2,
    "Austin": 0.8,
    "Chicago": 2.0,
    "Denver": 1.0,
    "New York": 0.8
  }
}